gender,avg_trip_duration
Female,509.8082474784837
Male,478.6205057415161
